repairwrong_1_194.py,pass
repair_wrong_1_211.py,pass
repair_wrong_1_158.py,pass
repair_wrong_1_445.py,fail
repair_wrong_1_554.py,pass
repair_wrong_1_491.py,pass
repair_wrong_1_449.py,pass
repair_wrong_1_410.py,pass
repair_wrong_1_032.py,pass
repair_wrong_1_177.py,pass
repair_wrong_1_251.py,pass
repair_wrong_1_422.py,pass
repair_wrong_1_518.py,pass
repair_wrong_1_226.py,pass
repair_wrong_1_057.py,pass
repair_wrong_1_101.py,pass
repair_wrong_1_300.py,pass
repair_wrong_1_051.py,pass
repairwrong_1_141.py,pass
repair_wrong_1_189.py,pass
repair_wrong_1_164.py,pass
repair_wrong_1_132.py,pass
repair_wrong_1_360.py,pass
repairwrong_1_065.py,pass
repair_wrong_1_150.py,pass
repair_wrong_1_389.py,pass
repairwrong_1_161.py,pass
repairwrong_1_270.py,pass
repairwrong_1_529.py,pass
repairwrong_1_483.py,pass
repair_wrong_1_197.py,pass
repair_wrong_1_416.py,pass
repair_wrong_1_205.py,pass
repair_wrong_1_462.py,pass
repair_wrong_1_146.py,pass
repair_wrong_1_241.py,pass
repair_wrong_1_394.py,pass
repair_wrong_1_065.py,pass
repairwrong_1_291.py,pass
repair_wrong_1_393.py,pass
repair_wrong_1_366.py,pass
repair_wrong_1_118.py,pass
repair_wrong_1_271.py,pass
repair_wrong_1_288.py,pass
repair_wrong_1_012.py,pass
repair_wrong_1_508.py,pass
repair_wrong_1_217.py,pass
repair_wrong_1_002.py,pass
repairwrong_1_259.py,pass
repair_wrong_1_085.py,pass
repairwrong_1_537.py,pass
repair_wrong_1_255.py,fail
repair_wrong_1_556.py,pass
repair_wrong_1_330.py,pass
repairwrong_1_243.py,pass
repair_wrong_1_213.py,fail
repairwrong_1_557.py,pass
repairwrong_1_492.py,pass
repair_wrong_1_157.py,pass
repair_wrong_1_068.py,fail
repairwrong_1_283.py,fail
repair_wrong_1_163.py,pass
repair_wrong_1_379.py,pass
repair_wrong_1_563.py,pass
repair_wrong_1_102.py,pass
repair_wrong_1_188.py,fail
repair_wrong_1_075.py,pass
repairwrong_1_181.py,pass
repair_wrong_1_042.py,pass
repair_wrong_1_467.py,pass
repair_wrong_1_386.py,pass
repair_wrong_1_174.py,pass
repair_wrong_1_169.py,pass
repair_wrong_1_093.py,fail
repair_wrong_1_435.py,pass
repairwrong_1_203.py,pass
repair_wrong_1_409.py,pass
repair_wrong_1_074.py,pass
repair_wrong_1_519.py,pass
repair_wrong_1_260.py,pass
repair_wrong_1_326.py,pass
repair_wrong_1_232.py,pass
repair_wrong_1_165.py,pass
repair_wrong_1_064.py,pass
repairwrong_1_502.py,pass
repair_wrong_1_234.py,pass
repairwrong_1_564.py,pass
repair_wrong_1_359.py,pass
repair_wrong_1_448.py,pass
repair_wrong_1_162.py,pass
repair_wrong_1_334.py,pass
repair_wrong_1_367.py,pass
repair_wrong_1_512.py,pass
repair_wrong_1_328.py,pass
repairwrong_1_329.py,pass
repair_wrong_1_387.py,pass
repair_wrong_1_331.py,pass
repair_wrong_1_344.py,fail
repair_wrong_1_224.py,pass
repairwrong_1_055.py,pass
repair_wrong_1_385.py,pass
repair_wrong_1_339.py,pass
repair_wrong_1_539.py,pass
repair_wrong_1_269.py,pass
repair_wrong_1_402.py,pass
repair_wrong_1_216.py,pass
repairwrong_1_005.py,fail
repairwrong_1_440.py,pass
repair_wrong_1_290.py,pass
repairwrong_1_391.py,pass
repair_wrong_1_318.py,pass
repair_wrong_1_350.py,pass
repairwrong_1_043.py,pass
repair_wrong_1_113.py,pass
repairwrong_1_271.py,pass
repair_wrong_1_562.py,pass
repair_wrong_1_335.py,fail
repair_wrong_1_026.py,pass
repair_wrong_1_338.py,pass
repairwrong_1_246.py,pass
repairwrong_1_205.py,pass
repair_wrong_1_451.py,pass
repair_wrong_1_138.py,pass
repair_wrong_1_431.py,pass
repair_wrong_1_480.py,pass
repairwrong_1_149.py,pass
repairwrong_1_412.py,pass
repairwrong_1_287.py,pass
repair_wrong_1_097.py,pass
repair_wrong_1_214.py,pass
repair_wrong_1_236.py,pass
repairwrong_1_468.py,pass
repair_wrong_1_104.py,pass
repair_wrong_1_523.py,pass
repair_wrong_1_314.py,pass
repairwrong_1_355.py,pass
repair_wrong_1_136.py,pass
repair_wrong_1_424.py,pass
repair_wrong_1_460.py,pass
repair_wrong_1_063.py,pass
repair_wrong_1_499.py,pass
repair_wrong_1_291.py,pass
repair_wrong_1_340.py,pass
repairwrong_1_037.py,pass
repair_wrong_1_148.py,pass
repair_wrong_1_370.py,pass
repairwrong_1_132.py,pass
repair_wrong_1_376.py,pass
repairwrong_1_500.py,pass
repairwrong_1_261.py,pass
repair_wrong_1_015.py,pass
repair_wrong_1_377.py,pass
repairwrong_1_511.py,pass
repair_wrong_1_444.py,fail
repair_wrong_1_347.py,pass
repair_wrong_1_521.py,pass
repair_wrong_1_062.py,pass
repair_wrong_1_055.py,pass
repair_wrong_1_017.py,pass
repair_wrong_1_193.py,pass
repairwrong_1_028.py,pass
repair_wrong_1_245.py,pass
repair_wrong_1_356.py,pass
repair_wrong_1_305.py,pass
repair_wrong_1_049.py,pass
repair_wrong_1_022.py,pass
repair_wrong_1_494.py,pass
repair_wrong_1_355.py,pass
repairwrong_1_360.py,pass
repair_wrong_1_527.py,pass
repair_wrong_1_175.py,pass
repair_wrong_1_147.py,pass
repair_wrong_1_561.py,pass
repair_wrong_1_294.py,pass
repairwrong_1_567.py,pass
repair_wrong_1_465.py,pass
repairwrong_1_292.py,pass
repair_wrong_1_086.py,pass
repairwrong_1_380.py,pass
repair_wrong_1_181.py,pass
repair_wrong_1_505.py,pass
repair_wrong_1_405.py,pass
repair_wrong_1_428.py,pass
repairwrong_1_071.py,pass
repair_wrong_1_007.py,pass
repair_wrong_1_497.py,pass
repair_wrong_1_287.py,pass
repairwrong_1_313.py,pass
repairwrong_1_120.py,pass
repair_wrong_1_078.py,pass
repair_wrong_1_492.py,pass
repair_wrong_1_507.py,pass
repair_wrong_1_256.py,pass
repairwrong_1_179.py,pass
repair_wrong_1_478.py,pass
repair_wrong_1_436.py,pass
repair_wrong_1_327.py,pass
repairwrong_1_351.py,pass
repairwrong_1_074.py,pass
repairwrong_1_220.py,pass
repair_wrong_1_131.py,pass
repair_wrong_1_332.py,pass
repair_wrong_1_368.py,pass
repairwrong_1_509.py,pass
repair_wrong_1_058.py,pass
repair_wrong_1_566.py,pass
repair_wrong_1_091.py,pass
repair_wrong_1_392.py,pass
repair_wrong_1_137.py,fail
repair_wrong_1_166.py,pass
repairwrong_1_001.py,pass
repair_wrong_1_304.py,pass
repair_wrong_1_515.py,pass
repair_wrong_1_438.py,pass
repair_wrong_1_399.py,pass
repair_wrong_1_253.py,pass
repair_wrong_1_191.py,pass
repair_wrong_1_324.py,pass
repair_wrong_1_190.py,pass
repair_wrong_1_100.py,pass
repair_wrong_1_254.py,fail
repair_wrong_1_437.py,pass
repairwrong_1_434.py,fail
repairwrong_1_265.py,pass
repair_wrong_1_534.py,pass
repair_wrong_1_473.py,pass
repair_wrong_1_231.py,fail
repairwrong_1_441.py,pass
repairwrong_1_131.py,pass
repair_wrong_1_237.py,pass
repair_wrong_1_278.py,pass
repair_wrong_1_571.py,pass
repair_wrong_1_194.py,pass
repair_wrong_1_575.py,pass
repair_wrong_1_008.py,pass
repair_wrong_1_200.py,pass
repairwrong_1_032.py,pass
repair_wrong_1_329.py,pass
repair_wrong_1_005.py,fail
repair_wrong_1_282.py,fail
repair_wrong_1_070.py,fail
repairwrong_1_409.py,pass
repairwrong_1_538.py,pass
repair_wrong_1_522.py,pass
repair_wrong_1_227.py,pass
repairwrong_1_536.py,pass
repair_wrong_1_502.py,pass
repair_wrong_1_265.py,pass
repair_wrong_1_362.py,pass
repair_wrong_1_143.py,pass
repair_wrong_1_160.py,pass
repairwrong_1_101.py,pass
repairwrong_1_204.py,pass
repairwrong_1_383.py,pass
repair_wrong_1_159.py,pass
repair_wrong_1_535.py,pass
repairwrong_1_334.py,pass
repair_wrong_1_293.py,pass
repair_wrong_1_221.py,pass
repair_wrong_1_041.py,pass
repair_wrong_1_463.py,pass
repair_wrong_1_272.py,pass
repair_wrong_1_551.py,pass
repair_wrong_1_246.py,pass
repairwrong_1_525.py,pass
repairwrong_1_167.py,pass
repair_wrong_1_014.py,pass
repair_wrong_1_024.py,fail
repair_wrong_1_407.py,pass
repair_wrong_1_317.py,pass
repairwrong_1_428.py,pass
repairwrong_1_427.py,pass
repair_wrong_1_202.py,pass
repair_wrong_1_474.py,pass
repairwrong_1_263.py,pass
repair_wrong_1_098.py,pass
repairwrong_1_504.py,pass
repair_wrong_1_168.py,pass
repair_wrong_1_525.py,pass
repair_wrong_1_182.py,pass
repair_wrong_1_230.py,pass
repair_wrong_1_289.py,pass
repair_wrong_1_486.py,pass
repair_wrong_1_283.py,fail
repair_wrong_1_122.py,pass
repair_wrong_1_511.py,pass
repairwrong_1_408.py,pass
repairwrong_1_256.py,pass
repairwrong_1_436.py,pass
repair_wrong_1_549.py,pass
repair_wrong_1_292.py,pass
repairwrong_1_478.py,pass
repair_wrong_1_019.py,pass
repair_wrong_1_295.py,pass
repair_wrong_1_459.py,pass
repair_wrong_1_084.py,fail
repairwrong_1_156.py,pass
repairwrong_1_353.py,pass
repairwrong_1_021.py,pass
repairwrong_1_321.py,pass
repairwrong_1_232.py,pass
repair_wrong_1_528.py,pass
repairwrong_1_464.py,pass
repairwrong_1_433.py,pass
repair_wrong_1_404.py,pass
repairwrong_1_163.py,pass
repairwrong_1_556.py,pass
repair_wrong_1_307.py,pass
repair_wrong_1_031.py,pass
repair_wrong_1_180.py,pass
repair_wrong_1_345.py,pass
repair_wrong_1_471.py,pass
repair_wrong_1_484.py,pass
repair_wrong_1_446.py,fail
repairwrong_1_151.py,pass
repairwrong_1_171.py,pass
repair_wrong_1_081.py,pass
repair_wrong_1_303.py,fail
repair_wrong_1_120.py,pass
repairwrong_1_421.py,pass
repair_wrong_1_299.py,pass
repair_wrong_1_447.py,pass
repair_wrong_1_363.py,pass
repair_wrong_1_111.py,pass
repairwrong_1_342.py,fail
repair_wrong_1_548.py,pass
repair_wrong_1_365.py,pass
repair_wrong_1_487.py,pass
repair_wrong_1_144.py,pass
repair_wrong_1_219.py,pass
repair_wrong_1_040.py,pass
repair_wrong_1_229.py,pass
repair_wrong_1_215.py,fail
repair_wrong_1_322.py,pass
repair_wrong_1_391.py,pass
repair_wrong_1_218.py,pass
repair_wrong_1_353.py,pass
repairwrong_1_426.py,pass
repair_wrong_1_023.py,pass
repair_wrong_1_495.py,pass
repair_wrong_1_109.py,pass
repair_wrong_1_186.py,pass
repairwrong_1_155.py,pass
repair_wrong_1_281.py,pass
repairwrong_1_280.py,pass
repair_wrong_1_490.py,pass
repairwrong_1_175.py,pass
repair_wrong_1_061.py,pass
repairwrong_1_456.py,pass
repair_wrong_1_357.py,pass
repair_wrong_1_396.py,pass
repair_wrong_1_390.py,pass
repair_wrong_1_469.py,pass
repair_wrong_1_239.py,pass
repair_wrong_1_210.py,pass
repairwrong_1_332.py,pass
repairwrong_1_206.py,pass
repair_wrong_1_240.py,fail
repair_wrong_1_311.py,pass
repair_wrong_1_514.py,pass
repair_wrong_1_185.py,pass
repair_wrong_1_247.py,pass
repairwrong_1_173.py,pass
repair_wrong_1_375.py,pass
repair_wrong_1_171.py,pass
repair_wrong_1_325.py,pass
repair_wrong_1_427.py,pass
repair_wrong_1_565.py,pass
repair_wrong_1_153.py,pass
repair_wrong_1_010.py,pass
repair_wrong_1_346.py,pass
repair_wrong_1_302.py,fail
repair_wrong_1_498.py,pass
repair_wrong_1_312.py,pass
repairwrong_1_295.py,pass
repair_wrong_1_457.py,pass
repair_wrong_1_196.py,fail
repairwrong_1_103.py,pass
repair_wrong_1_464.py,pass
repair_wrong_1_358.py,pass
repair_wrong_1_520.py,pass
repair_wrong_1_558.py,pass
repair_wrong_1_259.py,pass
repair_wrong_1_500.py,pass
repair_wrong_1_161.py,pass
repairwrong_1_518.py,pass
repair_wrong_1_316.py,pass
repair_wrong_1_206.py,pass
repair_wrong_1_415.py,pass
repair_wrong_1_564.py,pass
repairwrong_1_547.py,pass
repair_wrong_1_559.py,pass
repair_wrong_1_456.py,pass
repairwrong_1_528.py,pass
repair_wrong_1_244.py,pass
repair_wrong_1_532.py,pass
repairwrong_1_039.py,pass
repair_wrong_1_412.py,pass
repair_wrong_1_414.py,pass
repair_wrong_1_066.py,pass
repair_wrong_1_001.py,pass
repair_wrong_1_560.py,pass
repair_wrong_1_073.py,pass
repair_wrong_1_381.py,pass
repair_wrong_1_123.py,pass
repairwrong_1_368.py,pass
repairwrong_1_088.py,pass
repairwrong_1_022.py,pass
repair_wrong_1_509.py,pass
repairwrong_1_527.py,pass
repairwrong_1_450.py,pass
repair_wrong_1_030.py,pass
repairwrong_1_231.py,fail
repair_wrong_1_071.py,pass
repair_wrong_1_077.py,pass
repair_wrong_1_258.py,pass
repairwrong_1_501.py,pass
repair_wrong_1_524.py,pass
repairwrong_1_111.py,pass
repairwrong_1_236.py,pass
repair_wrong_1_249.py,pass
repair_wrong_1_199.py,pass
repair_wrong_1_047.py,pass
repairwrong_1_223.py,pass
repair_wrong_1_348.py,pass
repair_wrong_1_088.py,pass
repairwrong_1_216.py,pass
repair_wrong_1_052.py,pass
repair_wrong_1_134.py,fail
repairwrong_1_349.py,pass
repairwrong_1_453.py,pass
repair_wrong_1_543.py,pass
repair_wrong_1_204.py,pass
repairwrong_1_137.py,fail
repairwrong_1_213.py,fail
repair_wrong_1_493.py,pass
repairwrong_1_340.py,pass
repair_wrong_1_083.py,pass
repairwrong_1_316.py,pass
repair_wrong_1_117.py,pass
repair_wrong_1_342.py,fail
repair_wrong_1_079.py,pass
repair_wrong_1_466.py,pass
repairwrong_1_322.py,pass
repairwrong_1_251.py,pass
repair_wrong_1_262.py,pass
repair_wrong_1_275.py,pass
repair_wrong_1_301.py,fail
repair_wrong_1_106.py,pass
repairwrong_1_364.py,pass
repair_wrong_1_341.py,pass
repair_wrong_1_220.py,pass
repair_wrong_1_228.py,pass
repair_wrong_1_401.py,pass
repairwrong_1_169.py,pass
repairwrong_1_214.py,pass
repair_wrong_1_235.py,pass
repair_wrong_1_369.py,pass
repairwrong_1_471.py,pass
repair_wrong_1_476.py,pass
repair_wrong_1_266.py,pass
repair_wrong_1_035.py,pass
repair_wrong_1_222.py,pass
repairwrong_1_282.py,fail
repair_wrong_1_154.py,pass
repair_wrong_1_378.py,pass
repair_wrong_1_501.py,pass
repair_wrong_1_203.py,pass
repair_wrong_1_284.py,fail
repair_wrong_1_033.py,pass
repair_wrong_1_400.py,pass
repairwrong_1_432.py,pass
repair_wrong_1_044.py,pass
repair_wrong_1_352.py,pass
repair_wrong_1_006.py,pass
repair_wrong_1_151.py,pass
repairwrong_1_082.py,pass
repair_wrong_1_142.py,pass
repair_wrong_1_004.py,pass
repair_wrong_1_544.py,pass
repair_wrong_1_417.py,pass
repair_wrong_1_552.py,pass
repairwrong_1_475.py,pass
repair_wrong_1_054.py,pass
repair_wrong_1_545.py,pass
repairwrong_1_375.py,pass
repairwrong_1_210.py,pass
repairwrong_1_284.py,fail
repair_wrong_1_547.py,pass
repair_wrong_1_555.py,pass
repairwrong_1_410.py,pass
repairwrong_1_389.py,pass
repair_wrong_1_280.py,pass
repair_wrong_1_443.py,pass
repair_wrong_1_321.py,pass
repair_wrong_1_242.py,pass
repair_wrong_1_542.py,pass
repairwrong_1_189.py,pass
repairwrong_1_226.py,pass
repair_wrong_1_192.py,pass
repair_wrong_1_374.py,pass
repair_wrong_1_124.py,pass
repair_wrong_1_308.py,pass
repair_wrong_1_430.py,pass
repair_wrong_1_570.py,pass
repair_wrong_1_439.py,pass
repairwrong_1_336.py,pass
repair_wrong_1_108.py,pass
repair_wrong_1_408.py,pass
repair_wrong_1_537.py,pass
repairwrong_1_057.py,pass
repair_wrong_1_250.py,pass
repair_wrong_1_567.py,pass
repair_wrong_1_454.py,pass
repair_wrong_1_076.py,pass
repair_wrong_1_141.py,pass
repair_wrong_1_223.py,pass
repair_wrong_1_128.py,pass
repair_wrong_1_155.py,pass
repair_wrong_1_279.py,pass
repair_wrong_1_429.py,pass
repair_wrong_1_145.py,pass
repairwrong_1_293.py,pass
repair_wrong_1_569.py,pass
repair_wrong_1_323.py,pass
repairwrong_1_255.py,fail
repair_wrong_1_121.py,pass
repair_wrong_1_029.py,pass
repair_wrong_1_115.py,pass
repair_wrong_1_080.py,pass
repairwrong_1_573.py,pass
repairwrong_1_014.py,pass
repair_wrong_1_461.py,pass
repair_wrong_1_336.py,pass
repair_wrong_1_092.py,pass
repairwrong_1_013.py,pass
repair_wrong_1_268.py,pass
repair_wrong_1_372.py,pass
repair_wrong_1_343.py,fail
repair_wrong_1_059.py,pass
repair_wrong_1_274.py,pass
repair_wrong_1_187.py,pass
repair_wrong_1_310.py,pass
repair_wrong_1_053.py,pass
repair_wrong_1_060.py,pass
repair_wrong_1_130.py,pass
repair_wrong_1_442.py,pass
repair_wrong_1_364.py,pass
repair_wrong_1_298.py,pass
repair_wrong_1_477.py,pass
repair_wrong_1_034.py,pass
repair_wrong_1_285.py,fail
repair_wrong_1_349.py,pass
repair_wrong_1_201.py,pass
repair_wrong_1_452.py,pass
repair_wrong_1_286.py,pass
repair_wrong_1_178.py,pass
repairwrong_1_307.py,pass
repair_wrong_1_426.py,pass
repair_wrong_1_475.py,pass
repair_wrong_1_550.py,pass
repair_wrong_1_238.py,pass
repair_wrong_1_170.py,pass
repair_wrong_1_069.py,fail
repair_wrong_1_107.py,pass
repair_wrong_1_243.py,pass
repair_wrong_1_176.py,pass
repair_wrong_1_056.py,pass
repairwrong_1_526.py,pass
repair_wrong_1_333.py,pass
repair_wrong_1_531.py,pass
repairwrong_1_306.py,pass
repairwrong_1_379.py,pass
repair_wrong_1_179.py,pass
repairwrong_1_521.py,pass
repair_wrong_1_573.py,pass
repair_wrong_1_516.py,pass
repairwrong_1_469.py,pass
repair_wrong_1_198.py,pass
repair_wrong_1_388.py,pass
repair_wrong_1_568.py,pass
repair_wrong_1_297.py,pass
repair_wrong_1_395.py,pass
repair_wrong_1_277.py,pass
repair_wrong_1_043.py,pass
repair_wrong_1_383.py,pass
repair_wrong_1_306.py,pass
repairwrong_1_152.py,pass
repair_wrong_1_207.py,pass
repair_wrong_1_315.py,pass
repairwrong_1_524.py,pass
repair_wrong_1_488.py,pass
repair_wrong_1_011.py,pass
repairwrong_1_124.py,pass
repair_wrong_1_413.py,pass
repair_wrong_1_506.py,pass
repairwrong_1_168.py,pass
repair_wrong_1_380.py,pass
repairwrong_1_093.py,fail
repairwrong_1_451.py,pass
repair_wrong_1_526.py,pass
repairwrong_1_571.py,pass
repair_wrong_1_530.py,pass
repair_wrong_1_129.py,pass
repair_wrong_1_574.py,pass
repair_wrong_1_027.py,pass
repair_wrong_1_039.py,pass
repair_wrong_1_149.py,pass
repairwrong_1_060.py,pass
repairwrong_1_054.py,pass
repair_wrong_1_503.py,pass
repairwrong_1_473.py,pass
repair_wrong_1_276.py,pass
repairwrong_1_326.py,pass
repairwrong_1_184.py,pass
repair_wrong_1_546.py,pass
repairwrong_1_186.py,pass
repair_wrong_1_090.py,pass
repair_wrong_1_382.py,pass
repair_wrong_1_195.py,fail
repairwrong_1_544.py,pass
repairwrong_1_051.py,pass
repair_wrong_1_099.py,pass
repair_wrong_1_481.py,fail
repairwrong_1_486.py,pass
repair_wrong_1_479.py,pass
repairwrong_1_127.py,pass
repairwrong_1_191.py,pass
repair_wrong_1_483.py,pass
repair_wrong_1_082.py,pass
repair_wrong_1_489.py,pass
repair_wrong_1_261.py,pass
repair_wrong_1_156.py,pass
repairwrong_1_566.py,pass
repair_wrong_1_538.py,pass
repairwrong_1_166.py,pass
repair_wrong_1_351.py,pass
repair_wrong_1_309.py,pass
repair_wrong_1_313.py,pass
repair_wrong_1_021.py,pass
repair_wrong_1_025.py,pass
repair_wrong_1_095.py,fail
repair_wrong_1_470.py,pass
repair_wrong_1_419.py,pass
repairwrong_1_056.py,pass
repair_wrong_1_403.py,pass
repair_wrong_1_398.py,pass
repair_wrong_1_517.py,pass
repair_wrong_1_048.py,pass
repair_wrong_1_020.py,pass
repairwrong_1_114.py,pass
repair_wrong_1_513.py,pass
repair_wrong_1_018.py,pass
repair_wrong_1_096.py,pass
repair_wrong_1_406.py,pass
repair_wrong_1_172.py,pass
repair_wrong_1_087.py,pass
repairwrong_1_162.py,pass
repair_wrong_1_496.py,pass
repair_wrong_1_425.py,pass
repairwrong_1_506.py,pass
repairwrong_1_058.py,pass
repair_wrong_1_541.py,pass
repair_wrong_1_397.py,pass
repair_wrong_1_112.py,pass
repair_wrong_1_094.py,fail
repair_wrong_1_114.py,pass
repair_wrong_1_038.py,pass
repairwrong_1_045.py,pass
repairwrong_1_272.py,pass
repair_wrong_1_373.py,pass
repair_wrong_1_411.py,pass
repair_wrong_1_441.py,pass
repair_wrong_1_361.py,pass
repair_wrong_1_167.py,pass
repair_wrong_1_257.py,pass
repair_wrong_1_420.py,pass
repair_wrong_1_423.py,pass
repairwrong_1_278.py,pass
repair_wrong_1_482.py,pass
repair_wrong_1_116.py,pass
repair_wrong_1_440.py,pass
repair_wrong_1_468.py,pass
repairwrong_1_011.py,pass
repairwrong_1_514.py,pass
repair_wrong_1_050.py,pass
repair_wrong_1_455.py,pass
repairwrong_1_405.py,pass
repair_wrong_1_037.py,pass
repairwrong_1_552.py,pass
repair_wrong_1_125.py,pass
repair_wrong_1_458.py,pass
repair_wrong_1_450.py,pass
repairwrong_1_208.py,pass
repairwrong_1_430.py,pass
repair_wrong_1_225.py,pass
repair_wrong_1_540.py,pass
repair_wrong_1_557.py,pass
repairwrong_1_561.py,pass
repair_wrong_1_320.py,pass
repair_wrong_1_371.py,pass
repair_wrong_1_472.py,pass
repair_wrong_1_139.py,pass
repair_wrong_1_184.py,pass
repairwrong_1_507.py,pass
repairwrong_1_192.py,pass
repair_wrong_1_510.py,pass
repair_wrong_1_208.py,pass
repair_wrong_1_009.py,pass
repairwrong_1_490.py,pass
repair_wrong_1_572.py,pass
repair_wrong_1_453.py,pass
repairwrong_1_076.py,pass
repair_wrong_1_337.py,pass
repair_wrong_1_212.py,pass
repairwrong_1_387.py,pass
repair_wrong_1_267.py,pass
repair_wrong_1_089.py,pass
repair_wrong_1_105.py,pass
repair_wrong_1_152.py,pass
repair_wrong_1_270.py,pass
repairwrong_1_546.py,pass
repair_wrong_1_418.py,pass
repair_wrong_1_553.py,pass
repairwrong_1_242.py,pass
repair_wrong_1_296.py,pass
repair_wrong_1_135.py,pass
repair_wrong_1_529.py,pass
repair_wrong_1_485.py,pass
repair_wrong_1_133.py,pass
repair_wrong_1_046.py,pass
repair_wrong_1_319.py,pass
repair_wrong_1_173.py,pass
repair_wrong_1_354.py,pass
repair_wrong_1_028.py,pass
repair_wrong_1_264.py,pass
repair_wrong_1_016.py,pass
repair_wrong_1_263.py,pass
repair_wrong_1_140.py,pass
repair_wrong_1_504.py,pass
repair_wrong_1_533.py,pass
repair_wrong_1_433.py,pass
repair_wrong_1_110.py,fail
repair_wrong_1_103.py,pass
repairwrong_1_072.py,pass
repair_wrong_1_126.py,pass
repairwrong_1_397.py,pass
repair_wrong_1_183.py,pass
repair_wrong_1_273.py,pass
repair_wrong_1_384.py,pass
repairwrong_1_459.py,pass
repair_wrong_1_045.py,pass
repair_wrong_1_248.py,pass
repair_wrong_1_119.py,pass
repair_wrong_1_536.py,pass
repair_wrong_1_233.py,pass
repair_wrong_1_127.py,pass
repair_wrong_1_421.py,pass
repair_wrong_1_036.py,pass
repairwrong_1_419.py,pass
repair_wrong_1_067.py,pass
repairwrong_1_212.py,pass
repair_wrong_1_252.py,pass
repair_wrong_1_013.py,pass
repair_wrong_1_003.py,pass
repair_wrong_1_209.py,pass
repairwrong_1_030.py,pass
repair_wrong_1_432.py,pass
repair_wrong_1_072.py,pass
