repair_wrong_3_210.py,pass
repair_wrong_3_308.py,pass
repair_wrong_3_198.py,pass
repair_wrong_3_083.py,pass
repair_wrong_3_264.py,fail
repair_wrong_3_193.py,pass
repair_wrong_3_266.py,pass
repair_wrong_3_303.py,pass
repair_wrong_3_268.py,fail
repair_wrong_3_217.py,pass
repair_wrong_3_078.py,fail
repair_wrong_3_286.py,pass
repair_wrong_3_003.py,pass
repair_wrong_3_237.py,pass
repair_wrong_3_107.py,pass
repair_wrong_3_154.py,pass
repair_wrong_3_187.py,pass
repair_wrong_3_296.py,pass
repair_wrong_3_051.py,pass
repair_wrong_3_115.py,fail
repair_wrong_3_233.py,pass
repair_wrong_3_214.py,pass
repair_wrong_3_158.py,pass
repair_wrong_3_180.py,pass
repair_wrong_3_246.py,pass
repair_wrong_3_172.py,pass
repair_wrong_3_205.py,pass
repair_wrong_3_074.py,pass
repair_wrong_3_019.py,pass
repair_wrong_3_045.py,fail
repair_wrong_3_112.py,pass
repair_wrong_3_132.py,pass
repair_wrong_3_006.py,pass
repair_wrong_3_109.py,pass
repair_wrong_3_046.py,pass
repair_wrong_3_275.py,pass
repair_wrong_3_089.py,pass
repair_wrong_3_261.py,pass
repair_wrong_3_140.py,pass
repair_wrong_3_023.py,pass
repair_wrong_3_104.py,pass
repair_wrong_3_222.py,pass
repair_wrong_3_131.py,pass
repair_wrong_3_179.py,pass
repair_wrong_3_108.py,pass
repair_wrong_3_248.py,pass
repair_wrong_3_069.py,pass
repair_wrong_3_177.py,pass
repair_wrong_3_032.py,pass
repair_wrong_3_226.py,pass
repair_wrong_3_111.py,pass
repair_wrong_3_082.py,pass
repair_wrong_3_250.py,pass
repair_wrong_3_293.py,pass
repair_wrong_3_206.py,pass
repair_wrong_3_143.py,pass
repair_wrong_3_227.py,pass
repair_wrong_3_142.py,pass
repair_wrong_3_225.py,pass
repair_wrong_3_197.py,fail
repair_wrong_3_124.py,pass
repair_wrong_3_149.py,pass
repair_wrong_3_194.py,pass
repair_wrong_3_184.py,pass
repair_wrong_3_189.py,fail
repair_wrong_3_297.py,pass
repair_wrong_3_208.py,pass
repair_wrong_3_133.py,pass
repair_wrong_3_030.py,fail
repair_wrong_3_093.py,pass
repair_wrong_3_134.py,pass
repair_wrong_3_067.py,fail
repair_wrong_3_013.py,pass
repair_wrong_3_071.py,pass
repair_wrong_3_100.py,pass
repair_wrong_3_049.py,pass
repair_wrong_3_050.py,pass
repair_wrong_3_243.py,pass
repair_wrong_3_092.py,pass
repair_wrong_3_267.py,pass
repair_wrong_3_188.py,pass
repair_wrong_3_021.py,fail
repair_wrong_3_086.py,pass
repair_wrong_3_207.py,pass
repair_wrong_3_203.py,pass
repair_wrong_3_247.py,pass
repair_wrong_3_162.py,pass
repair_wrong_3_260.py,pass
repair_wrong_3_219.py,pass
repair_wrong_3_259.py,pass
repair_wrong_3_307.py,pass
repair_wrong_3_053.py,pass
repair_wrong_3_160.py,pass
repair_wrong_3_123.py,pass
repair_wrong_3_281.py,pass
repair_wrong_3_080.py,pass
repair_wrong_3_271.py,pass
repair_wrong_3_277.py,pass
repair_wrong_3_084.py,pass
repair_wrong_3_294.py,pass
repair_wrong_3_098.py,pass
repair_wrong_3_087.py,pass
repair_wrong_3_129.py,pass
repair_wrong_3_301.py,pass
repair_wrong_3_025.py,fail
repair_wrong_3_269.py,fail
repair_wrong_3_191.py,pass
repair_wrong_3_110.py,pass
repair_wrong_3_223.py,pass
repair_wrong_3_280.py,pass
repair_wrong_3_251.py,pass
repair_wrong_3_005.py,pass
repair_wrong_3_282.py,pass
repair_wrong_3_241.py,pass
repair_wrong_3_159.py,pass
repair_wrong_3_128.py,pass
repair_wrong_3_284.py,pass
repair_wrong_3_298.py,pass
repair_wrong_3_047.py,pass
repair_wrong_3_255.py,fail
repair_wrong_3_097.py,pass
repair_wrong_3_195.py,pass
repair_wrong_3_181.py,pass
repair_wrong_3_249.py,pass
repair_wrong_3_174.py,pass
repair_wrong_3_102.py,pass
repair_wrong_3_196.py,pass
repair_wrong_3_017.py,pass
repair_wrong_3_147.py,pass
repair_wrong_3_156.py,pass
repair_wrong_3_299.py,pass
repair_wrong_3_182.py,pass
repair_wrong_3_232.py,pass
repair_wrong_3_054.py,pass
repair_wrong_3_302.py,fail
repair_wrong_3_121.py,pass
repair_wrong_3_153.py,pass
repair_wrong_3_041.py,fail
repair_wrong_3_141.py,pass
repair_wrong_3_076.py,pass
repair_wrong_3_048.py,pass
repair_wrong_3_273.py,pass
repair_wrong_3_056.py,pass
repair_wrong_3_072.py,pass
repair_wrong_3_057.py,pass
repair_wrong_3_068.py,pass
repair_wrong_3_095.py,pass
repair_wrong_3_016.py,pass
repair_wrong_3_279.py,pass
repair_wrong_3_253.py,pass
repair_wrong_3_118.py,pass
repair_wrong_3_262.py,pass
repair_wrong_3_137.py,pass
repair_wrong_3_221.py,pass
repair_wrong_3_291.py,pass
repair_wrong_3_229.py,pass
repair_wrong_3_295.py,pass
repair_wrong_3_063.py,pass
repair_wrong_3_215.py,pass
repair_wrong_3_105.py,pass
repair_wrong_3_164.py,pass
repair_wrong_3_278.py,pass
repair_wrong_3_170.py,pass
repair_wrong_3_201.py,pass
repair_wrong_3_178.py,pass
repair_wrong_3_272.py,pass
repair_wrong_3_088.py,pass
repair_wrong_3_055.py,pass
repair_wrong_3_085.py,pass
repair_wrong_3_065.py,pass
repair_wrong_3_059.py,pass
repair_wrong_3_200.py,pass
repair_wrong_3_136.py,pass
repair_wrong_3_161.py,pass
repair_wrong_3_148.py,pass
repair_wrong_3_094.py,pass
repair_wrong_3_285.py,pass
repair_wrong_3_235.py,pass
repair_wrong_3_166.py,fail
repair_wrong_3_169.py,pass
repair_wrong_3_173.py,pass
repair_wrong_3_081.py,pass
repair_wrong_3_145.py,pass
repair_wrong_3_176.py,pass
repair_wrong_3_218.py,pass
repair_wrong_3_270.py,pass
repair_wrong_3_106.py,pass
repair_wrong_3_075.py,pass
repair_wrong_3_038.py,pass
repair_wrong_3_070.py,pass
repair_wrong_3_010.py,pass
repair_wrong_3_009.py,pass
repair_wrong_3_151.py,pass
repair_wrong_3_274.py,pass
repair_wrong_3_008.py,pass
repair_wrong_3_199.py,pass
repair_wrong_3_216.py,pass
repair_wrong_3_113.py,pass
repair_wrong_3_155.py,pass
repair_wrong_3_245.py,pass
repair_wrong_3_263.py,pass
repair_wrong_3_064.py,pass
repair_wrong_3_126.py,pass
repair_wrong_3_028.py,pass
repair_wrong_3_090.py,pass
repair_wrong_3_001.py,pass
repair_wrong_3_256.py,pass
repair_wrong_3_283.py,fail
repair_wrong_3_192.py,fail
repair_wrong_3_300.py,pass
repair_wrong_3_043.py,fail
repair_wrong_3_220.py,pass
repair_wrong_3_230.py,pass
repair_wrong_3_127.py,pass
repair_wrong_3_305.py,pass
repair_wrong_3_239.py,pass
repair_wrong_3_004.py,pass
repair_wrong_3_236.py,pass
repair_wrong_3_073.py,fail
repair_wrong_3_242.py,pass
repair_wrong_3_150.py,pass
repair_wrong_3_258.py,pass
repair_wrong_3_099.py,pass
repair_wrong_3_122.py,pass
repair_wrong_3_252.py,pass
repair_wrong_3_079.py,pass
repair_wrong_3_168.py,pass
repair_wrong_3_130.py,pass
repair_wrong_3_289.py,pass
repair_wrong_3_185.py,pass
repair_wrong_3_027.py,pass
repair_wrong_3_287.py,pass
repair_wrong_3_144.py,pass
repair_wrong_3_257.py,pass
repair_wrong_3_026.py,pass
repair_wrong_3_157.py,pass
repair_wrong_3_175.py,pass
repair_wrong_3_020.py,fail
repair_wrong_3_135.py,pass
repair_wrong_3_152.py,pass
repair_wrong_3_061.py,pass
repair_wrong_3_042.py,fail
repair_wrong_3_304.py,pass
repair_wrong_3_292.py,pass
repair_wrong_3_101.py,pass
repair_wrong_3_060.py,fail
repair_wrong_3_167.py,pass
repair_wrong_3_240.py,pass
repair_wrong_3_015.py,pass
repair_wrong_3_103.py,pass
repair_wrong_3_254.py,pass
repair_wrong_3_036.py,pass
repair_wrong_3_033.py,pass
repair_wrong_3_204.py,pass
repair_wrong_3_077.py,pass
repair_wrong_3_007.py,pass
repair_wrong_3_212.py,pass
repair_wrong_3_146.py,pass
repair_wrong_3_052.py,fail
repair_wrong_3_034.py,pass
repair_wrong_3_138.py,pass
repair_wrong_3_163.py,pass
repair_wrong_3_035.py,pass
repair_wrong_3_209.py,pass
repair_wrong_3_171.py,pass
repair_wrong_3_238.py,pass
repair_wrong_3_066.py,pass
repair_wrong_3_234.py,pass
repair_wrong_3_213.py,pass
repair_wrong_3_039.py,fail
repair_wrong_3_244.py,pass
repair_wrong_3_231.py,pass
repair_wrong_3_040.py,pass
repair_wrong_3_228.py,pass
repair_wrong_3_165.py,pass
repair_wrong_3_024.py,fail
repair_wrong_3_190.py,pass
repair_wrong_3_125.py,pass
repair_wrong_3_265.py,pass
repair_wrong_3_031.py,fail
repair_wrong_3_116.py,pass
repair_wrong_3_186.py,pass
repair_wrong_3_091.py,pass
repair_wrong_3_037.py,pass
repair_wrong_3_062.py,pass
repair_wrong_3_276.py,pass
repair_wrong_3_139.py,pass
repair_wrong_3_306.py,fail
repair_wrong_3_002.py,pass
repair_wrong_3_183.py,pass
repair_wrong_3_044.py,pass
repair_wrong_3_058.py,fail
repair_wrong_3_114.py,pass
repair_wrong_3_022.py,pass
repair_wrong_3_119.py,pass
repair_wrong_3_014.py,pass
repair_wrong_3_211.py,pass
repair_wrong_3_202.py,pass
repair_wrong_3_288.py,pass
repair_wrong_3_120.py,pass
repair_wrong_3_011.py,pass
repair_wrong_3_224.py,pass
repair_wrong_3_018.py,pass
repair_wrong_3_096.py,pass
repair_wrong_3_012.py,fail
repair_wrong_3_117.py,pass
